﻿[
  {
    "path": {
"start": {
"identity": 1,
"labels": [
          "town"
        ],
"properties": {
"name": "Darjeeling"
        }
      },
"end": {
"identity": 3,
"labels": [
          "peak"
        ],
"properties": {
"name": "Sandakphu",
"altitude": "12400 ft"
        }
      },
"segments": [
        {
          "start": {
"identity": 1,
"labels": [
              "town"
            ],
"properties": {
"name": "Darjeeling"
            }
          },
          "relationship": {
"identity": 2,
"start": 1,
"end": 0,
"type": "trek",
"properties": {
"name": "Darjeeling-Rimbik",
"winter": "true",
"distance": 15,
"summer": "true"
            }
          },
          "end": {
"identity": 0,
"labels": [
              "town"
            ],
"properties": {
"name": "Rimbik"
            }
          }
        },
        {
          "start": {
"identity": 0,
"labels": [
              "town"
            ],
"properties": {
"name": "Rimbik"
            }
          },
          "relationship": {
"identity": 3,
"start": 0,
"end": 2,
"type": "trek",
"properties": {
"name": "Rimbik-BhikeBhanja",
"winter": "true",
"distance": 18,
"summer": "true"
            }
          },
          "end": {
"identity": 2,
"labels": [
              "village"
            ],
"properties": {
"name": "BhikeBhanja"
            }
          }
        },
        {
          "start": {
"identity": 2,
"labels": [
              "village"
            ],
"properties": {
"name": "BhikeBhanja"
            }
          },
          "relationship": {
"identity": 4,
"start": 2,
"end": 3,
"type": "trek",
"properties": {
"name": "BhikeBhanja-Sandakphu",
"winter": "true",
"distance": 4,
"summer": "true"
            }
          },
          "end": {
"identity": 3,
"labels": [
              "peak"
            ],
"properties": {
"name": "Sandakphu",
"altitude": "12400 ft"
            }
          }
        }
      ],
"length": 3.0
    }
  }
]