﻿[
  {
    "m": {
"identity": 167,
"labels": [
        "Movie"
      ],
"properties": {
"tagline": "The First Avenger",
"title": "Captain America",
"released": 2011
      }
    },
    "r": {
"identity": 246,
"start": 171,
"end": 167,
"type": "ACTED_IN",
"properties": {
"roles": [
          "Nick Fury"
        ]
      }
    },
    "a": {
"identity": 171,
"labels": [
        "Person"
      ],
"properties": {
"name": "Samuel L. Jackson",
"born": 1948
      }
    }
  },
  {
    "m": {
"identity": 167,
"labels": [
        "Movie"
      ],
"properties": {
"tagline": "The First Avenger",
"title": "Captain America",
"released": 2011
      }
    },
    "r": {
"identity": 250,
"start": 176,
"end": 167,
"type": "PRODUCED",
"properties": {

      }
    },
    "a": {
"identity": 176,
"labels": [
        "Person"
      ],
"properties": {
"name": "Kevin Feige",
"born": 1952
      }
    }
  },
  {
    "m": {
"identity": 167,
"labels": [
        "Movie"
      ],
"properties": {
"tagline": "The First Avenger",
"title": "Captain America",
"released": 2011
      }
    },
    "r": {
"identity": 247,
"start": 173,
"end": 167,
"type": "DIRECTED",
"properties": {

      }
    },
    "a": {
"identity": 173,
"labels": [
        "Person"
      ],
"properties": {
"name": "Joe Johnston",
"born": 1950
      }
    }
  },
  {
    "m": {
"identity": 167,
"labels": [
        "Movie"
      ],
"properties": {
"tagline": "The First Avenger",
"title": "Captain America",
"released": 2011
      }
    },
    "r": {
"identity": 245,
"start": 170,
"end": 167,
"type": "ACTED_IN",
"properties": {
"roles": [
          "Bucky Barnes"
        ]
      }
    },
    "a": {
"identity": 170,
"labels": [
        "Person"
      ],
"properties": {
"name": "Sebastian Stan",
"born": 1982
      }
    }
  },
  {
    "m": {
"identity": 167,
"labels": [
        "Movie"
      ],
"properties": {
"tagline": "The First Avenger",
"title": "Captain America",
"released": 2011
      }
    },
    "r": {
"identity": 244,
"start": 4,
"end": 167,
"type": "ACTED_IN",
"properties": {
"roles": [
          "Red Skull"
        ]
      }
    },
    "a": {
"identity": 4,
"labels": [
        "Person"
      ],
"properties": {
"name": "Hugo Weaving",
"born": 1960
      }
    }
  },
  {
    "m": {
"identity": 167,
"labels": [
        "Movie"
      ],
"properties": {
"tagline": "The First Avenger",
"title": "Captain America",
"released": 2011
      }
    },
    "r": {
"identity": 241,
"start": 168,
"end": 167,
"type": "ACTED_IN",
"properties": {
"roles": [
          "Steve Rogers"
        ]
      }
    },
    "a": {
"identity": 168,
"labels": [
        "Person"
      ],
"properties": {
"name": "Chris Evans",
"born": 1981
      }
    }
  },
  {
    "m": {
"identity": 167,
"labels": [
        "Movie"
      ],
"properties": {
"tagline": "The First Avenger",
"title": "Captain America",
"released": 2011
      }
    },
    "r": {
"identity": 242,
"start": 169,
"end": 167,
"type": "ACTED_IN",
"properties": {
"roles": [
          "Peggy Carter"
        ]
      }
    },
    "a": {
"identity": 169,
"labels": [
        "Person"
      ],
"properties": {
"name": "Hayley Atwell",
"born": 1982
      }
    }
  },
  {
    "m": {
"identity": 167,
"labels": [
        "Movie"
      ],
"properties": {
"tagline": "The First Avenger",
"title": "Captain America",
"released": 2011
      }
    },
    "r": {
"identity": 243,
"start": 172,
"end": 167,
"type": "ACTED_IN",
"properties": {
"roles": [
          "Colonel Phillips"
        ]
      }
    },
    "a": {
"identity": 172,
"labels": [
        "Person"
      ],
"properties": {
"name": "Tommy Lee Jones",
"born": 1946
      }
    }
  },
  {
    "m": {
"identity": 167,
"labels": [
        "Movie"
      ],
"properties": {
"tagline": "The First Avenger",
"title": "Captain America",
"released": 2011
      }
    },
    "r": {
"identity": 249,
"start": 175,
"end": 167,
"type": "WROTE",
"properties": {

      }
    },
    "a": {
"identity": 175,
"labels": [
        "Person"
      ],
"properties": {
"name": "Stephen McFeely",
"born": 1952
      }
    }
  },
  {
    "m": {
"identity": 167,
"labels": [
        "Movie"
      ],
"properties": {
"tagline": "The First Avenger",
"title": "Captain America",
"released": 2011
      }
    },
    "r": {
"identity": 248,
"start": 174,
"end": 167,
"type": "WROTE",
"properties": {

      }
    },
    "a": {
"identity": 174,
"labels": [
        "Person"
      ],
"properties": {
"name": "Christopher Markus",
"born": 1965
      }
    }
  }
]