﻿[
  {
    "m": {
"identity": 10,
"labels": [
        "Movie"
      ],
"properties": {
"louvain": 5,
"degree": 7.0,
"tagline": "Everything that has a beginning has an end",
"title": "The Matrix Revolutions",
"released": 2003
      }
    },
    "p1": {
"identity": 1,
"labels": [
        "Person"
      ],
"properties": {
"louvain": 5,
"degree": 0.0,
"name": "Keanu Reeves",
"born": 1964
      }
    },
    "p2": {
"identity": 4,
"labels": [
        "Person"
      ],
"properties": {
"louvain": 5,
"degree": 0.0,
"name": "Hugo Weaving",
"born": 1960
      }
    }
  },
  {
    "m": {
"identity": 9,
"labels": [
        "Movie"
      ],
"properties": {
"louvain": 5,
"degree": 7.0,
"tagline": "Free your mind",
"title": "The Matrix Reloaded",
"released": 2003
      }
    },
    "p1": {
"identity": 1,
"labels": [
        "Person"
      ],
"properties": {
"louvain": 5,
"degree": 0.0,
"name": "Keanu Reeves",
"born": 1964
      }
    },
    "p2": {
"identity": 4,
"labels": [
        "Person"
      ],
"properties": {
"louvain": 5,
"degree": 0.0,
"name": "Hugo Weaving",
"born": 1960
      }
    }
  },
  {
    "m": {
"identity": 0,
"labels": [
        "Movie"
      ],
"properties": {
"louvain": 5,
"degree": 8.0,
"tagline": "Welcome to the Real World",
"title": "The Matrix",
"released": 1999
      }
    },
    "p1": {
"identity": 1,
"labels": [
        "Person"
      ],
"properties": {
"louvain": 5,
"degree": 0.0,
"name": "Keanu Reeves",
"born": 1964
      }
    },
    "p2": {
"identity": 4,
"labels": [
        "Person"
      ],
"properties": {
"louvain": 5,
"degree": 0.0,
"name": "Hugo Weaving",
"born": 1960
      }
    }
  }
]