[
  {
    "source": {
"identity": 17,
"labels": [
        "Airport"
      ],
"properties": {
"name": "ORD"
      }
    },
    "destinations": 40
  },
  {
    "source": {
"identity": 27,
"labels": [
        "Airport"
      ],
"properties": {
"name": "DEN"
      }
    },
    "destinations": 20
  },
  {
    "source": {
"identity": 39,
"labels": [
        "Airport"
      ],
"properties": {
"name": "PHX"
      }
    },
    "destinations": 3
  },
  {
    "source": {
"identity": 14,
"labels": [
        "Airport"
      ],
"properties": {
"name": "MCO"
      }
    },
    "destinations": 6
  },
  {
    "source": {
"identity": 21,
"labels": [
        "Airport"
      ],
"properties": {
"name": "SFO"
      }
    },
    "destinations": 17
  },
  {
    "source": {
"identity": 33,
"labels": [
        "Airport"
      ],
"properties": {
"name": "HNL"
      }
    },
    "destinations": 4
  },
  {
    "source": {
"identity": 15,
"labels": [
        "Airport"
      ],
"properties": {
"name": "LAX"
      }
    },
    "destinations": 12
  },
  {
    "source": {
"identity": 12,
"labels": [
        "Airport"
      ],
"properties": {
"name": "IAH"
      }
    },
    "destinations": 22
  },
  {
    "source": {
"identity": 16,
"labels": [
        "Airport"
      ],
"properties": {
"name": "FLL"
      }
    },
    "destinations": 2
  },
  {
    "source": {
"identity": 11,
"labels": [
        "Airport"
      ],
"properties": {
"name": "EWR"
      }
    },
    "destinations": 8
  },
  {
    "source": {
"identity": 32,
"labels": [
        "Airport"
      ],
"properties": {
"name": "SNA"
      }
    },
    "destinations": 3
  },
  {
    "source": {
"identity": 74,
"labels": [
        "Airport"
      ],
"properties": {
"name": "CRP"
      }
    },
    "destinations": 1
  },
  {
    "source": {
"identity": 45,
"labels": [
        "Airport"
      ],
"properties": {
"name": "BHM"
      }
    },
    "destinations": 1
  },
  {
    "source": {
"identity": 26,
"labels": [
        "Airport"
      ],
"properties": {
"name": "BOS"
      }
    },
    "destinations": 5
  },
  {
    "source": {
"identity": 69,
"labels": [
        "Airport"
      ],
"properties": {
"name": "MFE"
      }
    },
    "destinations": 1
  },
  {
    "source": {
"identity": 48,
"labels": [
        "Airport"
      ],
"properties": {
"name": "PBI"
      }
    },
    "destinations": 2
  },
  {
    "source": {
"identity": 41,
"labels": [
        "Airport"
      ],
"properties": {
"name": "LGA"
      }
    },
    "destinations": 3
  },
  {
    "source": {
"identity": 29,
"labels": [
        "Airport"
      ],
"properties": {
"name": "SLC"
      }
    },
    "destinations": 2
  },
  {
    "source": {
"identity": 22,
"labels": [
        "Airport"
      ],
"properties": {
"name": "IAD"
      }
    },
    "destinations": 10
  },
  {
    "source": {
"identity": 13,
"labels": [
        "Airport"
      ],
"properties": {
"name": "SAT"
      }
    },
    "destinations": 1
  },
  {
    "source": {
"identity": 28,
"labels": [
        "Airport"
      ],
"properties": {
"name": "DFW"
      }
    },
    "destinations": 3
  },
  {
    "source": {
"identity": 65,
"labels": [
        "Airport"
      ],
"properties": {
"name": "ORF"
      }
    },
    "destinations": 2
  },
  {
    "source": {
"identity": 66,
"labels": [
        "Airport"
      ],
"properties": {
"name": "BWI"
      }
    },
    "destinations": 2
  },
  {
    "source": {
"identity": 75,
"labels": [
        "Airport"
      ],
"properties": {
"name": "TUL"
      }
    },
    "destinations": 1
  },
  {
    "source": {
"identity": 67,
"labels": [
        "Airport"
      ],
"properties": {
"name": "AUS"
      }
    },
    "destinations": 2
  },
  {
    "source": {
"identity": 35,
"labels": [
        "Airport"
      ],
"properties": {
"name": "LAS"
      }
    },
    "destinations": 4
  },
  {
    "source": {
"identity": 50,
"labels": [
        "Airport"
      ],
"properties": {
"name": "ABQ"
      }
    },
    "destinations": 1
  },
  {
    "source": {
"identity": 51,
"labels": [
        "Airport"
      ],
"properties": {
"name": "FAT"
      }
    },
    "destinations": 1
  },
  {
    "source": {
"identity": 23,
"labels": [
        "Airport"
      ],
"properties": {
"name": "SMF"
      }
    },
    "destinations": 3
  },
  {
    "source": {
"identity": 52,
"labels": [
        "Airport"
      ],
"properties": {
"name": "TUS"
      }
    },
    "destinations": 1
  },
  {
    "source": {
"identity": 49,
"labels": [
        "Airport"
      ],
"properties": {
"name": "MIA"
      }
    },
    "destinations": 2
  },
  {
    "source": {
"identity": 77,
"labels": [
        "Airport"
      ],
"properties": {
"name": "SGF"
      }
    },
    "destinations": 1
  },
  {
    "source": {
"identity": 61,
"labels": [
        "Airport"
      ],
"properties": {
"name": "PIT"
      }
    },
    "destinations": 1
  },
  {
    "source": {
"identity": 78,
"labels": [
        "Airport"
      ],
"properties": {
"name": "GRR"
      }
    },
    "destinations": 1
  },
  {
    "source": {
"identity": 76,
"labels": [
        "Airport"
      ],
"properties": {
"name": "FAR"
      }
    },
    "destinations": 1
  },
  {
    "source": {
"identity": 70,
"labels": [
        "Airport"
      ],
"properties": {
"name": "OMA"
      }
    },
    "destinations": 1
  },
  {
    "source": {
"identity": 10,
"labels": [
        "Airport"
      ],
"properties": {
"name": "SEA"
      }
    },
    "destinations": 3
  },
  {
    "source": {
"identity": 60,
"labels": [
        "Airport"
      ],
"properties": {
"name": "TPA"
      }
    },
    "destinations": 2
  },
  {
    "source": {
"identity": 63,
"labels": [
        "Airport"
      ],
"properties": {
"name": "RSW"
      }
    },
    "destinations": 1
  },
  {
    "source": {
"identity": 31,
"labels": [
        "Airport"
      ],
"properties": {
"name": "MSN"
      }
    },
    "destinations": 1
  },
  {
    "source": {
"identity": 64,
"labels": [
        "Airport"
      ],
"properties": {
"name": "BDL"
      }
    },
    "destinations": 1
  },
  {
    "source": {
"identity": 71,
"labels": [
        "Airport"
      ],
"properties": {
"name": "MSY"
      }
    },
    "destinations": 1
  },
  {
    "source": {
"identity": 42,
"labels": [
        "Airport"
      ],
"properties": {
"name": "ROC"
      }
    },
    "destinations": 1
  },
  {
    "source": {
"identity": 20,
"labels": [
        "Airport"
      ],
"properties": {
"name": "PDX"
      }
    },
    "destinations": 3
  },
  {
    "source": {
"identity": 44,
"labels": [
        "Airport"
      ],
"properties": {
"name": "DCA"
      }
    },
    "destinations": 1
  },
  {
    "source": {
"identity": 18,
"labels": [
        "Airport"
      ],
"properties": {
"name": "MSP"
      }
    },
    "destinations": 6
  },
  {
    "source": {
"identity": 37,
"labels": [
        "Airport"
      ],
"properties": {
"name": "CMH"
      }
    },
    "destinations": 2
  },
  {
    "source": {
"identity": 46,
"labels": [
        "Airport"
      ],
"properties": {
"name": "BNA"
      }
    },
    "destinations": 2
  },
  {
    "source": {
"identity": 47,
"labels": [
        "Airport"
      ],
"properties": {
"name": "CVG"
      }
    },
    "destinations": 1
  },
  {
    "source": {
"identity": 24,
"labels": [
        "Airport"
      ],
"properties": {
"name": "RIC"
      }
    },
    "destinations": 1
  },
  {
    "source": {
"identity": 43,
"labels": [
        "Airport"
      ],
"properties": {
"name": "CLT"
      }
    },
    "destinations": 1
  },
  {
    "source": {
"identity": 25,
"labels": [
        "Airport"
      ],
"properties": {
"name": "IND"
      }
    },
    "destinations": 1
  },
  {
    "source": {
"identity": 36,
"labels": [
        "Airport"
      ],
"properties": {
"name": "ATL"
      }
    },
    "destinations": 4
  },
  {
    "source": {
"identity": 34,
"labels": [
        "Airport"
      ],
"properties": {
"name": "SAN"
      }
    },
    "destinations": 4
  },
  {
    "source": {
"identity": 80,
"labels": [
        "Airport"
      ],
"properties": {
"name": "DAY"
      }
    },
    "destinations": 1
  },
  {
    "source": {
"identity": 59,
"labels": [
        "Airport"
      ],
"properties": {
"name": "MOT"
      }
    },
    "destinations": 1
  },
  {
    "source": {
"identity": 54,
"labels": [
        "Airport"
      ],
"properties": {
"name": "FSD"
      }
    },
    "destinations": 1
  },
  {
    "source": {
"identity": 53,
"labels": [
        "Airport"
      ],
"properties": {
"name": "DLH"
      }
    },
    "destinations": 1
  },
  {
    "source": {
"identity": 19,
"labels": [
        "Airport"
      ],
"properties": {
"name": "KOA"
      }
    },
    "destinations": 1
  },
  {
    "source": {
"identity": 62,
"labels": [
        "Airport"
      ],
"properties": {
"name": "PSP"
      }
    },
    "destinations": 1
  },
  {
    "source": {
"identity": 79,
"labels": [
        "Airport"
      ],
"properties": {
"name": "RNO"
      }
    },
    "destinations": 1
  },
  {
    "source": {
"identity": 30,
"labels": [
        "Airport"
      ],
"properties": {
"name": "MCI"
      }
    },
    "destinations": 1
  },
  {
    "source": {
"identity": 73,
"labels": [
        "Airport"
      ],
"properties": {
"name": "OKC"
      }
    },
    "destinations": 1
  },
  {
    "source": {
"identity": 72,
"labels": [
        "Airport"
      ],
"properties": {
"name": "BZN"
      }
    },
    "destinations": 1
  },
  {
    "source": {
"identity": 38,
"labels": [
        "Airport"
      ],
"properties": {
"name": "SJC"
      }
    },
    "destinations": 1
  },
  {
    "source": {
"identity": 40,
"labels": [
        "Airport"
      ],
"properties": {
"name": "BIL"
      }
    },
    "destinations": 1
  },
  {
    "source": {
"identity": 68,
"labels": [
        "Airport"
      ],
"properties": {
"name": "MEM"
      }
    },
    "destinations": 1
  },
  {
    "source": {
"identity": 56,
"labels": [
        "Airport"
      ],
"properties": {
"name": "SBN"
      }
    },
    "destinations": 1
  },
  {
    "source": {
"identity": 55,
"labels": [
        "Airport"
      ],
"properties": {
"name": "MOB"
      }
    },
    "destinations": 1
  },
  {
    "source": {
"identity": 58,
"labels": [
        "Airport"
      ],
"properties": {
"name": "DTW"
      }
    },
    "destinations": 2
  },
  {
    "source": {
"identity": 57,
"labels": [
        "Airport"
      ],
"properties": {
"name": "AZO"
      }
    },
    "destinations": 1
  }
]